[
{
    "model": "auth.user",
    "pk": 1,
    "fields": {
        "password": "pbkdf2_sha256$320000$L30nWIRf6M3nGT6NlAhFTC$ElNW6bSokHHVwdAWp9IHubGxUXtqdNE/FnXfwrfQZgk=",
        "last_login": "2022-02-23T15:49:22.780Z",
        "is_superuser": true,
        "username": "paulndambo",
        "first_name": "",
        "last_name": "",
        "email": "paulndambo@gmail.com",
        "is_staff": true,
        "is_active": true,
        "date_joined": "2022-02-22T14:32:24.403Z",
        "groups": [],
        "user_permissions": []
    }
},
{
    "model": "auth.user",
    "pk": 2,
    "fields": {
        "password": "pbkdf2_sha256$180000$MErrseM1PfKE$vujyC3Vlpj18j5728klYjaAKHg18iq7MzJOll0X+I+E=",
        "last_login": "2022-02-22T22:54:59Z",
        "is_superuser": false,
        "username": "ndamboski",
        "first_name": "",
        "last_name": "",
        "email": "ndamboski@gmail.com",
        "is_staff": true,
        "is_active": true,
        "date_joined": "2022-02-22T22:44:22Z",
        "groups": [],
        "user_permissions": []
    }
},
{
    "model": "auth.user",
    "pk": 3,
    "fields": {
        "password": "pbkdf2_sha256$180000$CMSphQCjLITq$QjFfBTYOlELzjZnPNVYwHQx3wWLbVhD/43J2TMpP5bk=",
        "last_login": null,
        "is_superuser": false,
        "username": "kadabo",
        "first_name": "",
        "last_name": "",
        "email": "",
        "is_staff": false,
        "is_active": true,
        "date_joined": "2022-02-23T14:40:12.021Z",
        "groups": [],
        "user_permissions": []
    }
},
{
    "model": "sessions.session",
    "pk": "k10m560o2squqwuhwt01fi761mkqqnjm",
    "fields": {
        "session_data": ".eJxVjEEOwiAQRe_C2pDSDh1x6b5nIDMwSNVAUtqV8e7apAvd_vfefylP25r91mTxc1QXZdTpd2MKDyk7iHcqt6pDLesys94VfdCmpxrleT3cv4NMLX9rDECUYiBgCzQk487YMaEMSaxI3w9MhGwNUAIYLTo2DrELQTBaN6r3BxAzOJU:1nMttK:w0u7XWp6AexoRAnOH-0GLpA729HVPk8U8G_765FGsYg",
        "expire_date": "2022-03-09T15:49:22.893Z"
    }
},
{
    "model": "sessions.session",
    "pk": "k8dnwd9yp1b9mpyyg8i95qxfxd2su9t1",
    "fields": {
        "session_data": "M2M3M2JkMDI5ZjMyMTIzMjM0NWRlNDE1ZDRkOTRkZTY0MDFmMjIwOTp7Il9hdXRoX3VzZXJfaWQiOiIxIiwiX2F1dGhfdXNlcl9iYWNrZW5kIjoiZGphbmdvLmNvbnRyaWIuYXV0aC5iYWNrZW5kcy5Nb2RlbEJhY2tlbmQiLCJfYXV0aF91c2VyX2hhc2giOiIwNmU2ZDA1MWIzZDFjOTg2MjU5NDYzYjQzMTY3YzMzMzlhNTNlN2ExIn0=",
        "expire_date": "2022-03-09T12:58:35.635Z"
    }
},
{
    "model": "banking.bank",
    "pk": 1,
    "fields": {
        "title": "KENYA COMMERCIAL BANK",
        "author": "KCB",
        "pages": "40000"
    }
},
{
    "model": "banking.account",
    "pk": "1233895354",
    "fields": {
        "user": [
            "paulndambo"
        ],
        "bank_name": "NATIONAL BANK KENYA",
        "account_name": "Test Account",
        "account_type": "Savings",
        "balance": 10081.0,
        "date_created": "2022-02-22"
    }
},
{
    "model": "banking.account",
    "pk": "123456",
    "fields": {
        "user": [
            "paulndambo"
        ],
        "bank_name": "KENYA COMERCIAL BANK",
        "account_name": "Credit Account Test",
        "account_type": "Credit",
        "balance": -20000.0,
        "date_created": "2022-02-23"
    }
},
{
    "model": "banking.account",
    "pk": "123456789",
    "fields": {
        "user": [
            "paulndambo"
        ],
        "bank_name": "KENYA COMERCIAL BANK",
        "account_name": "TEST ACCOUNT",
        "account_type": "Savings",
        "balance": 500.0,
        "date_created": "2022-02-22"
    }
},
{
    "model": "banking.account",
    "pk": "3456789",
    "fields": {
        "user": [
            "kadabo"
        ],
        "bank_name": "COOPERATIVE BANK KENYA",
        "account_name": "COOP-ACCOUNT",
        "account_type": "Savings",
        "balance": 2000.0,
        "date_created": "2022-02-23"
    }
},
{
    "model": "banking.banktransaction",
    "pk": 1,
    "fields": {
        "user": [
            "paulndambo"
        ],
        "account": "1233895354",
        "transaction_type": "Deposit",
        "amount": 5000.0,
        "transaction_date": "2022-02-22T23:28:34.978Z"
    }
},
{
    "model": "banking.banktransaction",
    "pk": 2,
    "fields": {
        "user": [
            "paulndambo"
        ],
        "account": "1233895354",
        "transaction_type": "Deposit",
        "amount": 560.0,
        "transaction_date": "2022-02-22T23:34:24.463Z"
    }
},
{
    "model": "banking.banktransaction",
    "pk": 3,
    "fields": {
        "user": [
            "paulndambo"
        ],
        "account": "1233895354",
        "transaction_type": "Deposit",
        "amount": 560.0,
        "transaction_date": "2022-02-22T23:38:29.677Z"
    }
},
{
    "model": "banking.banktransaction",
    "pk": 4,
    "fields": {
        "user": [
            "paulndambo"
        ],
        "account": "1233895354",
        "transaction_type": "Deposit",
        "amount": 560.0,
        "transaction_date": "2022-02-22T23:40:01.506Z"
    }
},
{
    "model": "banking.banktransaction",
    "pk": 5,
    "fields": {
        "user": [
            "paulndambo"
        ],
        "account": "1233895354",
        "transaction_type": "Deposit",
        "amount": 560.0,
        "transaction_date": "2022-02-22T23:43:33.785Z"
    }
},
{
    "model": "banking.banktransaction",
    "pk": 6,
    "fields": {
        "user": [
            "paulndambo"
        ],
        "account": "1233895354",
        "transaction_type": "Deposit",
        "amount": 560.0,
        "transaction_date": "2022-02-22T23:44:17.523Z"
    }
},
{
    "model": "banking.banktransaction",
    "pk": 7,
    "fields": {
        "user": [
            "paulndambo"
        ],
        "account": "1233895354",
        "transaction_type": "Deposit",
        "amount": 560.0,
        "transaction_date": "2022-02-22T23:45:16.006Z"
    }
},
{
    "model": "banking.banktransaction",
    "pk": 8,
    "fields": {
        "user": [
            "paulndambo"
        ],
        "account": "1233895354",
        "transaction_type": "Deposit",
        "amount": 560.0,
        "transaction_date": "2022-02-22T23:45:56.868Z"
    }
},
{
    "model": "banking.banktransaction",
    "pk": 9,
    "fields": {
        "user": [
            "paulndambo"
        ],
        "account": "1233895354",
        "transaction_type": "Deposit",
        "amount": 560.0,
        "transaction_date": "2022-02-22T23:46:56.573Z"
    }
},
{
    "model": "banking.banktransaction",
    "pk": 10,
    "fields": {
        "user": [
            "paulndambo"
        ],
        "account": "1233895354",
        "transaction_type": "Deposit",
        "amount": 560.0,
        "transaction_date": "2022-02-22T23:49:35.937Z"
    }
},
{
    "model": "banking.banktransaction",
    "pk": 11,
    "fields": {
        "user": [
            "paulndambo"
        ],
        "account": "1233895354",
        "transaction_type": "Deposit",
        "amount": 560.0,
        "transaction_date": "2022-02-22T23:50:14.178Z"
    }
},
{
    "model": "banking.banktransaction",
    "pk": 12,
    "fields": {
        "user": [
            "paulndambo"
        ],
        "account": "1233895354",
        "transaction_type": "Deposit",
        "amount": 560.0,
        "transaction_date": "2022-02-22T23:52:59.690Z"
    }
},
{
    "model": "banking.banktransaction",
    "pk": 13,
    "fields": {
        "user": [
            "paulndambo"
        ],
        "account": "1233895354",
        "transaction_type": "Deposit",
        "amount": 560.0,
        "transaction_date": "2022-02-22T23:53:30.493Z"
    }
},
{
    "model": "banking.banktransaction",
    "pk": 14,
    "fields": {
        "user": [
            "paulndambo"
        ],
        "account": "1233895354",
        "transaction_type": "Deposit",
        "amount": 560.0,
        "transaction_date": "2022-02-22T23:54:43.038Z"
    }
},
{
    "model": "banking.banktransaction",
    "pk": 15,
    "fields": {
        "user": [
            "paulndambo"
        ],
        "account": "1233895354",
        "transaction_type": "Deposit",
        "amount": 560.0,
        "transaction_date": "2022-02-22T23:55:11.962Z"
    }
},
{
    "model": "banking.banktransaction",
    "pk": 16,
    "fields": {
        "user": [
            "paulndambo"
        ],
        "account": "1233895354",
        "transaction_type": "Deposit",
        "amount": 560.0,
        "transaction_date": "2022-02-22T23:55:28.512Z"
    }
},
{
    "model": "banking.banktransaction",
    "pk": 17,
    "fields": {
        "user": [
            "paulndambo"
        ],
        "account": "1233895354",
        "transaction_type": "Deposit",
        "amount": 560.0,
        "transaction_date": "2022-02-22T23:55:47.787Z"
    }
},
{
    "model": "banking.banktransaction",
    "pk": 18,
    "fields": {
        "user": [
            "paulndambo"
        ],
        "account": "1233895354",
        "transaction_type": "Deposit",
        "amount": 560.0,
        "transaction_date": "2022-02-22T23:56:13.789Z"
    }
},
{
    "model": "banking.banktransaction",
    "pk": 19,
    "fields": {
        "user": [
            "paulndambo"
        ],
        "account": "1233895354",
        "transaction_type": "Deposit",
        "amount": 560.0,
        "transaction_date": "2022-02-22T23:57:04.644Z"
    }
},
{
    "model": "banking.banktransaction",
    "pk": 20,
    "fields": {
        "user": [
            "paulndambo"
        ],
        "account": "1233895354",
        "transaction_type": "Deposit",
        "amount": 560.0,
        "transaction_date": "2022-02-23T00:09:41.020Z"
    }
},
{
    "model": "banking.banktransaction",
    "pk": 21,
    "fields": {
        "user": [
            "paulndambo"
        ],
        "account": "1233895354",
        "transaction_type": "Deposit",
        "amount": 560.0,
        "transaction_date": "2022-02-23T00:12:36.323Z"
    }
},
{
    "model": "banking.banktransaction",
    "pk": 22,
    "fields": {
        "user": [
            "paulndambo"
        ],
        "account": "1233895354",
        "transaction_type": "Deposit",
        "amount": 560.0,
        "transaction_date": "2022-02-23T00:16:27.044Z"
    }
},
{
    "model": "banking.banktransaction",
    "pk": 23,
    "fields": {
        "user": [
            "paulndambo"
        ],
        "account": "1233895354",
        "transaction_type": "Deposit",
        "amount": 3400.0,
        "transaction_date": "2022-02-23T09:49:31.078Z"
    }
},
{
    "model": "banking.banktransaction",
    "pk": 24,
    "fields": {
        "user": [
            "paulndambo"
        ],
        "account": "1233895354",
        "transaction_type": "Deposit",
        "amount": 3500.0,
        "transaction_date": "2022-02-23T10:50:15.738Z"
    }
},
{
    "model": "banking.banktransaction",
    "pk": 25,
    "fields": {
        "user": [
            "paulndambo"
        ],
        "account": "1233895354",
        "transaction_type": "Deposit",
        "amount": 3500.0,
        "transaction_date": "2022-02-23T10:59:37.908Z"
    }
},
{
    "model": "banking.banktransaction",
    "pk": 26,
    "fields": {
        "user": [
            "paulndambo"
        ],
        "account": "1233895354",
        "transaction_type": "Deposit",
        "amount": 3500.0,
        "transaction_date": "2022-02-23T11:03:35.756Z"
    }
},
{
    "model": "banking.banktransaction",
    "pk": 27,
    "fields": {
        "user": [
            "paulndambo"
        ],
        "account": "1233895354",
        "transaction_type": "Deposit",
        "amount": 3500.0,
        "transaction_date": "2022-02-23T11:04:08.755Z"
    }
},
{
    "model": "banking.banktransaction",
    "pk": 28,
    "fields": {
        "user": [
            "paulndambo"
        ],
        "account": "1233895354",
        "transaction_type": "Deposit",
        "amount": 3500.0,
        "transaction_date": "2022-02-23T11:17:49.928Z"
    }
},
{
    "model": "banking.banktransaction",
    "pk": 29,
    "fields": {
        "user": [
            "paulndambo"
        ],
        "account": "1233895354",
        "transaction_type": "Deposit",
        "amount": 3500.0,
        "transaction_date": "2022-02-23T11:18:43.936Z"
    }
},
{
    "model": "banking.banktransaction",
    "pk": 30,
    "fields": {
        "user": [
            "paulndambo"
        ],
        "account": "1233895354",
        "transaction_type": "Withdraw",
        "amount": 3500.0,
        "transaction_date": "2022-02-23T11:21:17.876Z"
    }
},
{
    "model": "banking.banktransaction",
    "pk": 31,
    "fields": {
        "user": [
            "paulndambo"
        ],
        "account": "1233895354",
        "transaction_type": "Withdraw",
        "amount": 3500.0,
        "transaction_date": "2022-02-23T11:23:58.096Z"
    }
},
{
    "model": "banking.banktransaction",
    "pk": 32,
    "fields": {
        "user": [
            "paulndambo"
        ],
        "account": "1233895354",
        "transaction_type": "Deposit",
        "amount": 3500.0,
        "transaction_date": "2022-02-23T11:24:23.293Z"
    }
},
{
    "model": "banking.banktransaction",
    "pk": 33,
    "fields": {
        "user": [
            "paulndambo"
        ],
        "account": "1233895354",
        "transaction_type": "Withdraw",
        "amount": 3500.0,
        "transaction_date": "2022-02-23T11:26:03.398Z"
    }
},
{
    "model": "banking.banktransaction",
    "pk": 34,
    "fields": {
        "user": [
            "paulndambo"
        ],
        "account": "1233895354",
        "transaction_type": "Withdraw",
        "amount": 3500.0,
        "transaction_date": "2022-02-23T11:39:30.147Z"
    }
},
{
    "model": "banking.banktransaction",
    "pk": 35,
    "fields": {
        "user": [
            "paulndambo"
        ],
        "account": "1233895354",
        "transaction_type": "Deposit",
        "amount": 3500.0,
        "transaction_date": "2022-02-23T11:40:08.204Z"
    }
},
{
    "model": "banking.banktransaction",
    "pk": 36,
    "fields": {
        "user": [
            "paulndambo"
        ],
        "account": "1233895354",
        "transaction_type": "Withdraw",
        "amount": 6450.0,
        "transaction_date": "2022-02-23T11:40:58.069Z"
    }
},
{
    "model": "banking.banktransaction",
    "pk": 37,
    "fields": {
        "user": [
            "paulndambo"
        ],
        "account": "1233895354",
        "transaction_type": "Deposit",
        "amount": 1.0,
        "transaction_date": "2022-02-23T11:41:54.411Z"
    }
},
{
    "model": "banking.banktransaction",
    "pk": 38,
    "fields": {
        "user": [
            "paulndambo"
        ],
        "account": "1233895354",
        "transaction_type": "Deposit",
        "amount": 30.0,
        "transaction_date": "2022-02-23T11:42:05.540Z"
    }
},
{
    "model": "banking.banktransaction",
    "pk": 39,
    "fields": {
        "user": [
            "paulndambo"
        ],
        "account": "1233895354",
        "transaction_type": "Withdraw",
        "amount": 100.0,
        "transaction_date": "2022-02-23T11:42:36.530Z"
    }
},
{
    "model": "banking.banktransaction",
    "pk": 40,
    "fields": {
        "user": [
            "paulndambo"
        ],
        "account": "1233895354",
        "transaction_type": "Deposit",
        "amount": 100.0,
        "transaction_date": "2022-02-23T11:44:56.002Z"
    }
},
{
    "model": "banking.banktransaction",
    "pk": 41,
    "fields": {
        "user": [
            "paulndambo"
        ],
        "account": "123456",
        "transaction_type": "Withdraw",
        "amount": 100.0,
        "transaction_date": "2022-02-23T11:48:35.096Z"
    }
},
{
    "model": "banking.banktransaction",
    "pk": 42,
    "fields": {
        "user": [
            "paulndambo"
        ],
        "account": "123456",
        "transaction_type": "Withdraw",
        "amount": 9900.0,
        "transaction_date": "2022-02-23T11:49:07.673Z"
    }
},
{
    "model": "banking.banktransaction",
    "pk": 43,
    "fields": {
        "user": [
            "paulndambo"
        ],
        "account": "123456",
        "transaction_type": "Withdraw",
        "amount": 10000.0,
        "transaction_date": "2022-02-23T11:49:40.715Z"
    }
},
{
    "model": "banking.banktransaction",
    "pk": 44,
    "fields": {
        "user": [
            "paulndambo"
        ],
        "account": "123456",
        "transaction_type": "Withdraw",
        "amount": 10000.0,
        "transaction_date": "2022-02-23T11:50:20.792Z"
    }
},
{
    "model": "banking.banktransaction",
    "pk": 45,
    "fields": {
        "user": [
            "paulndambo"
        ],
        "account": "123456",
        "transaction_type": "Deposit",
        "amount": 10000.0,
        "transaction_date": "2022-02-23T11:54:19.245Z"
    }
},
{
    "model": "banking.banktransaction",
    "pk": 46,
    "fields": {
        "user": [
            "paulndambo"
        ],
        "account": "123456",
        "transaction_type": "Deposit",
        "amount": 10000.0,
        "transaction_date": "2022-02-23T11:55:23.856Z"
    }
},
{
    "model": "banking.banktransaction",
    "pk": 47,
    "fields": {
        "user": [
            "paulndambo"
        ],
        "account": "1233895354",
        "transaction_type": "Deposit",
        "amount": 10000.0,
        "transaction_date": "2022-02-23T11:56:24.820Z"
    }
},
{
    "model": "banking.banktransaction",
    "pk": 48,
    "fields": {
        "user": [
            "paulndambo"
        ],
        "account": "1233895354",
        "transaction_type": "Deposit",
        "amount": 10000.0,
        "transaction_date": "2022-02-23T11:59:01.097Z"
    }
},
{
    "model": "admin.logentry",
    "pk": 1,
    "fields": {
        "action_time": "2022-02-22T15:26:21.813Z",
        "user": [
            "paulndambo"
        ],
        "content_type": [
            "banking",
            "account"
        ],
        "object_id": "2",
        "object_repr": "paulndambo Has Created a Savings Account",
        "action_flag": 3,
        "change_message": ""
    }
},
{
    "model": "admin.logentry",
    "pk": 2,
    "fields": {
        "action_time": "2022-02-22T15:26:21.926Z",
        "user": [
            "paulndambo"
        ],
        "content_type": [
            "banking",
            "account"
        ],
        "object_id": "1",
        "object_repr": "paulndambo Has Created a Savings Account",
        "action_flag": 3,
        "change_message": ""
    }
},
{
    "model": "admin.logentry",
    "pk": 3,
    "fields": {
        "action_time": "2022-02-22T16:11:27.768Z",
        "user": [
            "paulndambo"
        ],
        "content_type": [
            "banking",
            "account"
        ],
        "object_id": "1",
        "object_repr": "paulndambo Has Created a Savings Account",
        "action_flag": 1,
        "change_message": "[{\"added\": {}}]"
    }
},
{
    "model": "admin.logentry",
    "pk": 4,
    "fields": {
        "action_time": "2022-02-22T16:50:38.352Z",
        "user": [
            "paulndambo"
        ],
        "content_type": [
            "banking",
            "account"
        ],
        "object_id": "1233895354",
        "object_repr": "paulndambo Has Created a Savings Account",
        "action_flag": 3,
        "change_message": ""
    }
},
{
    "model": "admin.logentry",
    "pk": 5,
    "fields": {
        "action_time": "2022-02-22T16:50:38.466Z",
        "user": [
            "paulndambo"
        ],
        "content_type": [
            "banking",
            "account"
        ],
        "object_id": "12338945jjj354",
        "object_repr": "paulndambo Has Created a Savings Account",
        "action_flag": 3,
        "change_message": ""
    }
},
{
    "model": "admin.logentry",
    "pk": 6,
    "fields": {
        "action_time": "2022-02-22T16:50:38.576Z",
        "user": [
            "paulndambo"
        ],
        "content_type": [
            "banking",
            "account"
        ],
        "object_id": "1233894545354",
        "object_repr": "paulndambo Has Created a Savings Account",
        "action_flag": 3,
        "change_message": ""
    }
},
{
    "model": "admin.logentry",
    "pk": 7,
    "fields": {
        "action_time": "2022-02-22T16:50:38.665Z",
        "user": [
            "paulndambo"
        ],
        "content_type": [
            "banking",
            "account"
        ],
        "object_id": "12338945354",
        "object_repr": "paulndambo Has Created a Savings Account",
        "action_flag": 3,
        "change_message": ""
    }
},
{
    "model": "admin.logentry",
    "pk": 8,
    "fields": {
        "action_time": "2022-02-22T16:50:38.758Z",
        "user": [
            "paulndambo"
        ],
        "content_type": [
            "banking",
            "account"
        ],
        "object_id": "12338945354",
        "object_repr": "paulndambo Has Created a Savings Account",
        "action_flag": 3,
        "change_message": ""
    }
},
{
    "model": "admin.logentry",
    "pk": 9,
    "fields": {
        "action_time": "2022-02-22T16:50:38.901Z",
        "user": [
            "paulndambo"
        ],
        "content_type": [
            "banking",
            "account"
        ],
        "object_id": "12338945354",
        "object_repr": "paulndambo Has Created a Savings Account",
        "action_flag": 3,
        "change_message": ""
    }
},
{
    "model": "admin.logentry",
    "pk": 10,
    "fields": {
        "action_time": "2022-02-22T16:50:39.068Z",
        "user": [
            "paulndambo"
        ],
        "content_type": [
            "banking",
            "account"
        ],
        "object_id": "12338945354",
        "object_repr": "paulndambo Has Created a Savings Account",
        "action_flag": 3,
        "change_message": ""
    }
},
{
    "model": "admin.logentry",
    "pk": 11,
    "fields": {
        "action_time": "2022-02-22T16:50:39.198Z",
        "user": [
            "paulndambo"
        ],
        "content_type": [
            "banking",
            "account"
        ],
        "object_id": "12338453ddd945354",
        "object_repr": "paulndambo Has Created a Savings Account",
        "action_flag": 3,
        "change_message": ""
    }
},
{
    "model": "admin.logentry",
    "pk": 12,
    "fields": {
        "action_time": "2022-02-22T16:50:39.420Z",
        "user": [
            "paulndambo"
        ],
        "content_type": [
            "banking",
            "account"
        ],
        "object_id": "123334895354",
        "object_repr": "paulndambo Has Created a Credit Account",
        "action_flag": 3,
        "change_message": ""
    }
},
{
    "model": "admin.logentry",
    "pk": 13,
    "fields": {
        "action_time": "2022-02-22T17:59:17.461Z",
        "user": [
            "paulndambo"
        ],
        "content_type": [
            "banking",
            "account"
        ],
        "object_id": "1233895354",
        "object_repr": "paulndambo Has Created a Savings Account",
        "action_flag": 1,
        "change_message": "[{\"added\": {}}]"
    }
},
{
    "model": "admin.logentry",
    "pk": 14,
    "fields": {
        "action_time": "2022-02-22T23:28:34.987Z",
        "user": [
            "paulndambo"
        ],
        "content_type": [
            "banking",
            "banktransaction"
        ],
        "object_id": "1",
        "object_repr": "paulndambo",
        "action_flag": 1,
        "change_message": "[{\"added\": {}}]"
    }
},
{
    "model": "admin.logentry",
    "pk": 15,
    "fields": {
        "action_time": "2022-02-23T12:55:31.406Z",
        "user": [
            "paulndambo"
        ],
        "content_type": [
            "auth",
            "user"
        ],
        "object_id": "2",
        "object_repr": "ndamboski",
        "action_flag": 2,
        "change_message": "[{\"changed\": {\"fields\": [\"Staff status\"]}}]"
    }
},
{
    "model": "admin.logentry",
    "pk": 16,
    "fields": {
        "action_time": "2022-02-23T14:39:32.500Z",
        "user": [
            "paulndambo"
        ],
        "content_type": [
            "auth",
            "user"
        ],
        "object_id": "2",
        "object_repr": "ndamboski",
        "action_flag": 3,
        "change_message": ""
    }
},
{
    "model": "admin.logentry",
    "pk": 17,
    "fields": {
        "action_time": "2022-02-23T14:40:12.421Z",
        "user": [
            "paulndambo"
        ],
        "content_type": [
            "auth",
            "user"
        ],
        "object_id": "3",
        "object_repr": "kadabo",
        "action_flag": 1,
        "change_message": "[{\"added\": {}}]"
    }
}
]
